{"cameraMode":{"drawMode":0,"name":"Shaded","section":"Shading Mode"},"sceneLighting":false,"audioPlay":false,"sceneViewState":{"m_AlwaysRefresh":false,"showFog":true,"showSkybox":false,"showFlares":true,"showImageEffects":true,"showParticleSystems":true,"showVisualEffectGraphs":true,"m_FxEnabled":true},"in2DMode":false,"pivot":{"x":0.029015284031629564,"y":0.020634692162275316,"z":0.0062596555799245838},"rotation":{"x":0.20435285568237306,"y":-0.6035283207893372,"z":0.16237010061740876,"w":0.7537549138069153},"size":0.008746430277824402,"orthographic":false}