{"cameraMode":{"drawMode":0,"name":"Shaded","section":"Shading Mode"},"sceneLighting":false,"audioPlay":false,"sceneViewState":{"m_AlwaysRefresh":false,"showFog":true,"showSkybox":false,"showFlares":true,"showImageEffects":true,"showParticleSystems":true,"showVisualEffectGraphs":true,"m_FxEnabled":true},"in2DMode":false,"pivot":{"x":0.2605965733528137,"y":0.618494987487793,"z":-0.10539770126342774},"rotation":{"x":-0.17737099528312684,"y":0.13836710155010224,"z":-0.02466215007007122,"w":-0.9743176102638245},"size":0.8660253882408142,"orthographic":false}