{"cameraMode":{"drawMode":0,"name":"Shaded","section":"Shading Mode"},"sceneLighting":false,"audioPlay":false,"sceneViewState":{"m_AlwaysRefresh":false,"showFog":true,"showSkybox":false,"showFlares":true,"showImageEffects":true,"showParticleSystems":true,"showVisualEffectGraphs":true,"m_FxEnabled":true},"in2DMode":false,"pivot":{"x":0.3430662751197815,"y":1.0017566680908204,"z":-0.46611008048057558},"rotation":{"x":0.08423179388046265,"y":0.8954294323921204,"z":-0.1939505934715271,"w":0.3925512433052063},"size":0.7022708058357239,"orthographic":false}