{"cameraMode":{"drawMode":0,"name":"Shaded","section":"Shading Mode"},"sceneLighting":false,"audioPlay":false,"sceneViewState":{"m_AlwaysRefresh":false,"showFog":true,"showSkybox":false,"showFlares":true,"showImageEffects":true,"showParticleSystems":true,"showVisualEffectGraphs":true,"m_FxEnabled":true},"in2DMode":false,"pivot":{"x":-19.745380401611329,"y":-4.445367813110352,"z":11.773199081420899},"rotation":{"x":0.11137376725673676,"y":-0.4909445345401764,"z":0.061432741582393649,"w":0.8621664643287659},"size":12.669951438903809,"orthographic":false}