{"cameraMode":{"drawMode":0,"name":"Shaded","section":"Shading Mode"},"sceneLighting":false,"audioPlay":false,"sceneViewState":{"m_AlwaysRefresh":false,"showFog":true,"showSkybox":false,"showFlares":true,"showImageEffects":true,"showParticleSystems":true,"showVisualEffectGraphs":true,"m_FxEnabled":true},"in2DMode":false,"pivot":{"x":-0.13189643621444703,"y":1.3870422840118409,"z":0.19598567485809327},"rotation":{"x":0.038175296038389209,"y":0.9581797122955322,"z":-0.15827861428260804,"w":0.23662148416042329},"size":0.8660253882408142,"orthographic":false}