{"cameraMode":{"drawMode":0,"name":"Shaded","section":"Shading Mode"},"sceneLighting":false,"audioPlay":false,"sceneViewState":{"m_AlwaysRefresh":false,"showFog":true,"showSkybox":false,"showFlares":true,"showImageEffects":true,"showParticleSystems":true,"showVisualEffectGraphs":true,"m_FxEnabled":true},"in2DMode":false,"pivot":{"x":6.332993507385254e-8,"y":-0.026146039366722108,"z":0.07037374377250672},"rotation":{"x":0.12899018824100495,"y":-0.3836073577404022,"z":0.05204085260629654,"w":0.9132586717605591},"size":0.6739206314086914,"orthographic":false}