{"cameraMode":{"drawMode":0,"name":"Shaded","section":"Shading Mode"},"sceneLighting":false,"audioPlay":false,"sceneViewState":{"m_AlwaysRefresh":false,"showFog":true,"showSkybox":false,"showFlares":true,"showImageEffects":true,"showParticleSystems":true,"showVisualEffectGraphs":true,"m_FxEnabled":true},"in2DMode":false,"pivot":{"x":0.1575031280517578,"y":1.2965703010559083,"z":0.23491322994232179},"rotation":{"x":-0.15665994584560395,"y":0.23902112245559693,"z":-0.03855998441576958,"w":-0.9577834606170654},"size":1.1320507526397706,"orthographic":false}