{"cameraMode":{"drawMode":0,"name":"Shaded","section":"Shading Mode"},"sceneLighting":false,"audioPlay":false,"sceneViewState":{"m_AlwaysRefresh":false,"showFog":true,"showSkybox":false,"showFlares":true,"showImageEffects":true,"showParticleSystems":true,"showVisualEffectGraphs":true,"m_FxEnabled":true},"in2DMode":false,"pivot":{"x":0.03098100796341896,"y":0.08163122832775116,"z":-0.045075371861457828},"rotation":{"x":0.1781330555677414,"y":-0.3949686884880066,"z":0.0763697400689125,"w":0.8982763886451721},"size":0.013234728947281838,"orthographic":false}