{"cameraMode":{"drawMode":0,"name":"Shaded","section":"Shading Mode"},"sceneLighting":false,"audioPlay":false,"sceneViewState":{"m_AlwaysRefresh":false,"showFog":true,"showSkybox":false,"showFlares":true,"showImageEffects":true,"showParticleSystems":true,"showVisualEffectGraphs":true,"m_FxEnabled":true},"in2DMode":false,"pivot":{"x":-0.07929927855730057,"y":0.05424949899315834,"z":1.2006940841674805},"rotation":{"x":-0.05807889625430107,"y":-0.9218883514404297,"z":0.15368850529193879,"w":-0.35174813866615298},"size":0.010307780466973782,"orthographic":false}