{"cameraMode":{"drawMode":0,"name":"Shaded","section":"Shading Mode"},"sceneLighting":false,"audioPlay":false,"sceneViewState":{"m_AlwaysRefresh":false,"showFog":true,"showSkybox":false,"showFlares":true,"showImageEffects":true,"showParticleSystems":true,"showVisualEffectGraphs":true,"m_FxEnabled":true},"in2DMode":false,"pivot":{"x":-10.57725715637207,"y":-13.020618438720704,"z":13.842913627624512},"rotation":{"x":0.31143704056739809,"y":-0.3099365532398224,"z":0.10823644697666168,"w":0.8917415738105774},"size":11.852888107299805,"orthographic":false}