{"cameraMode":{"drawMode":0,"name":"Shaded","section":"Shading Mode"},"sceneLighting":false,"audioPlay":false,"sceneViewState":{"m_AlwaysRefresh":false,"showFog":true,"showSkybox":false,"showFlares":true,"showImageEffects":true,"showParticleSystems":true,"showVisualEffectGraphs":true,"m_FxEnabled":true},"in2DMode":false,"pivot":{"x":0.4342872202396393,"y":0.4008532166481018,"z":0.32621634006500246},"rotation":{"x":0.15921683609485627,"y":-0.5694349408149719,"z":0.11352474987506867,"w":0.7984557747840881},"size":0.6073950529098511,"orthographic":false}