{"cameraMode":{"drawMode":0,"name":"Shaded","section":"Shading Mode"},"sceneLighting":false,"audioPlay":false,"sceneViewState":{"m_AlwaysRefresh":false,"showFog":true,"showSkybox":false,"showFlares":true,"showImageEffects":true,"showParticleSystems":true,"showVisualEffectGraphs":true,"m_FxEnabled":true},"in2DMode":false,"pivot":{"x":-0.8232817649841309,"y":-0.02974224090576172,"z":0.4710555076599121},"rotation":{"x":0.21199670433998109,"y":0.18918298184871674,"z":-0.04188380762934685,"w":0.9578827619552612},"size":1.8186532258987427,"orthographic":false}