{"cameraMode":{"drawMode":0,"name":"Shaded","section":"Shading Mode"},"sceneLighting":false,"audioPlay":false,"sceneViewState":{"m_AlwaysRefresh":false,"showFog":true,"showSkybox":false,"showFlares":true,"showImageEffects":true,"showParticleSystems":true,"showVisualEffectGraphs":true,"m_FxEnabled":true},"in2DMode":false,"pivot":{"x":0.5044558048248291,"y":1.2419133186340333,"z":0.6102274656295776},"rotation":{"x":-0.006871405988931656,"y":0.9404200911521912,"z":-0.3411005139350891,"w":-0.013478750362992287},"size":0.6314004063606262,"orthographic":false}