{"cameraMode":{"drawMode":0,"name":"Shaded","section":"Shading Mode"},"sceneLighting":false,"audioPlay":false,"sceneViewState":{"m_AlwaysRefresh":false,"showFog":true,"showSkybox":false,"showFlares":true,"showImageEffects":true,"showParticleSystems":true,"showVisualEffectGraphs":true,"m_FxEnabled":true},"in2DMode":false,"pivot":{"x":972.1400146484375,"y":0.12059246748685837,"z":1.8271280527114869},"rotation":{"x":0.32052579522132876,"y":-0.2890307307243347,"z":0.1033792644739151,"w":0.8961219191551209},"size":100.60317993164063,"orthographic":false}