{"cameraMode":{"drawMode":0,"name":"Shaded","section":"Shading Mode"},"sceneLighting":false,"audioPlay":false,"sceneViewState":{"m_AlwaysRefresh":false,"showFog":true,"showSkybox":false,"showFlares":true,"showImageEffects":true,"showParticleSystems":true,"showVisualEffectGraphs":true,"m_FxEnabled":true},"in2DMode":false,"pivot":{"x":1084.656494140625,"y":30.113800048828126,"z":24.361236572265626},"rotation":{"x":0.28807464241981509,"y":-0.041640035808086398,"z":0.012537738308310509,"w":0.9566197395324707},"size":100.60317993164063,"orthographic":false}