{"cameraMode":{"drawMode":0,"name":"Shaded","section":"Shading Mode"},"sceneLighting":false,"audioPlay":false,"sceneViewState":{"m_AlwaysRefresh":false,"showFog":true,"showSkybox":false,"showFlares":true,"showImageEffects":true,"showParticleSystems":true,"showVisualEffectGraphs":true,"m_FxEnabled":true},"in2DMode":false,"pivot":{"x":0.4698535203933716,"y":0.03247005119919777,"z":0.8920680284500122},"rotation":{"x":0.17523948848247529,"y":-0.6847544312477112,"z":0.17543742060661317,"w":0.6858017444610596},"size":0.8660253882408142,"orthographic":false}