{"cameraMode":{"drawMode":0,"name":"Shaded","section":"Shading Mode"},"sceneLighting":true,"audioPlay":false,"sceneViewState":{"m_AlwaysRefresh":false,"showFog":true,"showSkybox":true,"showFlares":true,"showImageEffects":true,"showParticleSystems":true,"showVisualEffectGraphs":true,"m_FxEnabled":true},"in2DMode":false,"pivot":{"x":-11.327858924865723,"y":36.439598083496097,"z":2.8868706226348879},"rotation":{"x":0.17870834469795228,"y":-0.19630278646945954,"z":0.03460390865802765,"w":0.9637634754180908},"size":3.262019634246826,"orthographic":false}