{"cameraMode":{"drawMode":0,"name":"Shaded","section":"Shading Mode"},"sceneLighting":true,"audioPlay":false,"sceneViewState":{"m_AlwaysRefresh":false,"showFog":true,"showSkybox":true,"showFlares":true,"showImageEffects":true,"showParticleSystems":true,"showVisualEffectGraphs":true,"m_FxEnabled":true},"in2DMode":false,"pivot":{"x":-39.170475006103519,"y":14.031492233276368,"z":6.05946683883667},"rotation":{"x":-0.10398158431053162,"y":-0.8482746481895447,"z":0.18074604868888856,"w":-0.48746252059936526},"size":1.3514745235443116,"orthographic":false}