{"cameraMode":{"drawMode":0,"name":"Shaded","section":"Shading Mode"},"sceneLighting":true,"audioPlay":false,"sceneViewState":{"m_AlwaysRefresh":false,"showFog":true,"showSkybox":true,"showFlares":true,"showImageEffects":true,"showParticleSystems":true,"showVisualEffectGraphs":true,"m_FxEnabled":true},"in2DMode":false,"pivot":{"x":5.863136291503906,"y":3.6798481941223146,"z":-0.8903191089630127},"rotation":{"x":-0.23020097613334657,"y":0.6845532059669495,"z":-0.24207574129104615,"w":-0.6483896374702454},"size":0.8660253882408142,"orthographic":false}