{"cameraMode":{"drawMode":0,"name":"Shaded","section":"Shading Mode"},"sceneLighting":false,"audioPlay":false,"sceneViewState":{"m_AlwaysRefresh":false,"showFog":true,"showSkybox":false,"showFlares":true,"showImageEffects":true,"showParticleSystems":true,"showVisualEffectGraphs":true,"m_FxEnabled":true},"in2DMode":false,"pivot":{"x":-1.0133610963821412,"y":-0.497140496969223,"z":2.4095420837402345},"rotation":{"x":0.13885976374149323,"y":-0.22105175256729127,"z":0.029969416558742524,"w":0.9651067852973938},"size":1.4447855949401856,"orthographic":false}