{"cameraMode":{"drawMode":0,"name":"Shaded","section":"Shading Mode"},"sceneLighting":false,"audioPlay":false,"sceneViewState":{"m_AlwaysRefresh":false,"showFog":true,"showSkybox":false,"showFlares":true,"showImageEffects":true,"showParticleSystems":true,"showVisualEffectGraphs":true,"m_FxEnabled":true},"in2DMode":false,"pivot":{"x":-0.3914297819137573,"y":0.8530274629592896,"z":-2.2351741790771485e-7},"rotation":{"x":0.2937847673892975,"y":-0.048876501619815829,"z":0.015246407128870488,"w":0.9548594951629639},"size":2.788726329803467,"orthographic":false}