{"cameraMode":{"drawMode":0,"name":"Shaded","section":"Shading Mode"},"sceneLighting":false,"audioPlay":false,"sceneViewState":{"m_AlwaysRefresh":false,"showFog":true,"showSkybox":false,"showFlares":true,"showImageEffects":true,"showParticleSystems":true,"showVisualEffectGraphs":true,"m_FxEnabled":true},"in2DMode":false,"pivot":{"x":1.1186832189559937,"y":6.138378620147705,"z":2.9905941486358644},"rotation":{"x":-0.04788767918944359,"y":0.9454929828643799,"z":-0.2800632119178772,"w":-0.16129831969738007},"size":0.8660253882408142,"orthographic":false}